{
  "ABIRoot": {
    "kind": "Root",
    "name": "TopLevel",
    "printedName": "TopLevel",
    "children": [
      {
        "kind": "Import",
        "name": "Foundation",
        "printedName": "Foundation",
        "declKind": "Import",
        "moduleName": "Pendo",
        "declAttributes": [
          "RawDocComment"
        ]
      },
      {
        "kind": "Import",
        "name": "SwiftUI",
        "printedName": "SwiftUI",
        "declKind": "Import",
        "moduleName": "Pendo"
      },
      {
        "kind": "TypeDecl",
        "name": "View",
        "printedName": "View",
        "children": [
          {
            "kind": "Function",
            "name": "pendoEnableSwiftUI",
            "printedName": "pendoEnableSwiftUI()",
            "children": [
              {
                "kind": "TypeNominal",
                "name": "OpaqueTypeArchetype",
                "printedName": "some SwiftUI.View",
                "children": [
                  {
                    "kind": "TypeNominal",
                    "name": "View",
                    "printedName": "SwiftUI.View",
                    "usr": "s:7SwiftUI4ViewP"
                  }
                ]
              }
            ],
            "declKind": "Func",
            "usr": "s:7SwiftUI4ViewP5PendoE011pendoEnableaB0QryF",
            "mangledName": "$s7SwiftUI4ViewP5PendoE011pendoEnableaB0QryF",
            "moduleName": "Pendo",
            "genericSig": "<τ_0_0 where τ_0_0 : SwiftUI.View>",
            "sugared_genericSig": "<Self where Self : SwiftUI.View>",
            "deprecated": true,
            "declAttributes": [
              "AccessControl",
              "Available"
            ],
            "isFromExtension": true,
            "funcSelfKind": "NonMutating"
          },
          {
            "kind": "Function",
            "name": "pendoRecognizeClickAnalytics",
            "printedName": "pendoRecognizeClickAnalytics(accessibilityChildBehavior:backgroundColor:)",
            "children": [
              {
                "kind": "TypeNominal",
                "name": "OpaqueTypeArchetype",
                "printedName": "some SwiftUI.View",
                "children": [
                  {
                    "kind": "TypeNominal",
                    "name": "View",
                    "printedName": "SwiftUI.View",
                    "usr": "s:7SwiftUI4ViewP"
                  }
                ]
              },
              {
                "kind": "TypeNominal",
                "name": "AccessibilityChildBehavior",
                "printedName": "SwiftUI.AccessibilityChildBehavior",
                "hasDefaultArg": true,
                "usr": "s:7SwiftUI26AccessibilityChildBehaviorV"
              },
              {
                "kind": "TypeNominal",
                "name": "Color",
                "printedName": "SwiftUI.Color",
                "hasDefaultArg": true,
                "usr": "s:7SwiftUI5ColorV"
              }
            ],
            "declKind": "Func",
            "usr": "s:7SwiftUI4ViewP5PendoE28pendoRecognizeClickAnalytics26accessibilityChildBehavior15backgroundColorQrAA013AccessibilityjK0V_AA0M0VtF",
            "mangledName": "$s7SwiftUI4ViewP5PendoE28pendoRecognizeClickAnalytics26accessibilityChildBehavior15backgroundColorQrAA013AccessibilityjK0V_AA0M0VtF",
            "moduleName": "Pendo",
            "genericSig": "<τ_0_0 where τ_0_0 : SwiftUI.View>",
            "sugared_genericSig": "<Self where Self : SwiftUI.View>",
            "declAttributes": [
              "AccessControl"
            ],
            "isFromExtension": true,
            "funcSelfKind": "NonMutating"
          }
        ],
        "declKind": "Protocol",
        "usr": "s:7SwiftUI4ViewP",
        "mangledName": "$s7SwiftUI4ViewP",
        "moduleName": "SwiftUI",
        "genericSig": "<τ_0_0.Body : SwiftUI.View>",
        "sugared_genericSig": "<Self.Body : SwiftUI.View>",
        "intro_Macosx": "10.15",
        "intro_iOS": "13.0",
        "intro_tvOS": "13.0",
        "intro_watchOS": "6.0",
        "declAttributes": [
          "TypeEraser",
          "Available",
          "Available",
          "Available",
          "Available"
        ],
        "isExternal": true
      }
    ],
    "json_format_version": 8
  },
  "ConstValues": [
    {
      "filePath": "\/Users\/distiller\/project\/code\/PendoSDK\/PendoSDKFramework\/PendoSwiftUI.swift",
      "kind": "FloatLiteral",
      "offset": 743,
      "length": 7,
      "value": "0.00001"
    }
  ]
}